City_ID,City,Country,Lat,Lng,Max Temp,Humidity,Cloudiness,Wind Speed,Current Description
0,College,US,64.8569,-147.8028,56.8,74,75,3.44,broken clouds
1,San Andres,CO,12.5847,-81.7006,86.02,74,40,12.66,scattered clouds
2,Iracoubo,GF,5.4802,-53.2011,82.85,72,39,8.57,scattered clouds
3,Mount Gambier,AU,-37.8333,140.7667,47.23,85,62,8.05,broken clouds
4,Harper,LR,4.375,-7.7169,77.5,66,66,8.68,broken clouds
5,Barrow,US,71.2906,-156.7887,42.82,81,0,23.02,clear sky
6,Bluff,NZ,-46.6,168.3333,39.79,82,97,9.24,overcast clouds
7,Iqaluit,CA,63.7506,-68.5145,40.73,100,100,5.75,mist
8,Puerto Narino,CO,-3.7703,-70.3831,83.66,70,66,3.31,light rain
9,Vaini,TO,-21.2,-175.2,66.36,100,20,4.61,few clouds
10,Grindavik,IS,63.8424,-22.4338,55.35,94,75,9.22,light intensity drizzle
11,Caravelas,BR,-17.7125,-39.2481,77.49,63,2,8.46,clear sky
12,Rikitea,PF,-23.1203,-134.9692,74.55,73,36,12.15,scattered clouds
13,Khatanga,RU,71.9667,102.5,52.68,64,100,7.54,overcast clouds
14,Chokurdakh,RU,70.6333,147.9167,37.53,55,94,7.54,overcast clouds
15,Caxias,PT,38.7031,-9.2767,87.24,53,20,18.41,few clouds
16,Tuktoyaktuk,CA,69.4541,-133.0374,51.8,87,100,2.3,overcast clouds
17,Barreirinhas,BR,-2.7469,-42.8264,88.68,49,74,4.32,broken clouds
18,Kodiak,US,57.79,-152.4072,51.31,93,100,3.44,overcast clouds
19,Anlu,CN,31.1661,112.5831,82.31,84,99,9.24,overcast clouds
20,Airai,TL,-8.9266,125.4092,55.44,90,88,2.8,overcast clouds
21,Nchelenge,ZM,-9.3451,28.734,73.58,50,50,6.2,scattered clouds
22,Mataura,NZ,-46.1927,168.8643,39.47,96,100,1.59,overcast clouds
23,Tasiilaq,GL,65.6145,-37.6368,41.16,73,91,2.77,overcast clouds
24,Ushuaia,AR,-54.8,-68.3,31.62,93,75,24.16,snow
25,Hobart,AU,-42.8794,147.3294,39.27,92,0,1.99,clear sky
26,Guerrero Negro,MX,27.9769,-114.0611,75.16,62,61,14.72,broken clouds
27,Puerto Ayora,EC,-0.7393,-90.3518,75.16,88,82,7.0,broken clouds
28,Albany,US,42.6001,-73.9662,92.52,60,23,4.0,few clouds
29,Tuatapere,NZ,-46.1333,167.6833,43.38,89,97,2.71,overcast clouds
30,Busselton,AU,-33.65,115.3333,57.72,77,68,12.41,broken clouds
31,Upernavik,GL,72.7868,-56.1549,47.25,84,100,6.46,light rain
32,Fasa,IR,28.9383,53.6482,94.24,20,40,6.91,scattered clouds
33,Lorengau,PG,-2.0226,147.2712,80.28,78,98,4.99,overcast clouds
34,Jumla,NP,29.2747,82.1838,64.58,93,99,1.43,overcast clouds
35,Butaritari,KI,3.0707,172.7902,80.01,76,69,3.67,broken clouds
36,Srednekolymsk,RU,67.45,153.6833,41.63,53,16,5.5,few clouds
37,Atuona,PF,-9.8,-139.0333,77.16,76,12,15.84,few clouds
38,Sokoto,NG,13.0609,5.239,87.06,48,72,6.91,broken clouds
39,Katsuura,JP,35.1333,140.3,77.9,93,100,12.44,overcast clouds
40,Santa Cruz De Tenerife,ES,28.4682,-16.2546,87.58,69,20,13.8,few clouds
41,Bethel,US,41.3712,-73.414,93.15,67,40,6.91,scattered clouds
42,Bintulu,MY,3.1667,113.0333,79.21,94,40,3.44,scattered clouds
43,Kapaa,US,22.0752,-159.319,80.19,83,100,21.85,overcast clouds
44,Castro,BR,-24.7911,-50.0119,72.68,52,9,7.65,clear sky
45,Luderitz,NA,-26.6481,15.1594,63.25,57,0,9.6,clear sky
46,Cape Town,ZA,-33.9258,18.4232,58.26,75,0,6.91,clear sky
47,Camacha,PT,33.0833,-16.3333,69.22,68,75,18.41,broken clouds
48,Punta Arenas,CL,-53.15,-70.9167,35.71,75,20,21.85,few clouds
49,Bengkulu,ID,-3.8004,102.2655,75.63,92,72,4.23,broken clouds
50,Saint-Philippe,RE,-21.3585,55.7679,66.22,76,58,16.44,light rain
51,Yellowknife,CA,62.456,-114.3525,63.12,55,20,5.75,few clouds
52,Buin,CL,-33.7333,-70.75,69.42,36,0,1.77,clear sky
53,Luanda,AO,-8.8368,13.2343,68.97,81,71,15.77,broken clouds
54,Naryan-Mar,RU,67.6713,53.087,49.95,63,2,13.02,clear sky
55,Ginda,IN,30.6945,78.4932,65.77,96,98,2.26,overcast clouds
56,Pouembout,NC,-21.1333,164.9,72.39,90,13,7.02,few clouds
57,Tiksi,RU,71.6872,128.8694,41.0,84,43,10.63,scattered clouds
58,Bredasdorp,ZA,-34.5322,20.0403,49.24,86,30,1.3,scattered clouds
59,Labuhan,ID,-6.8844,112.2051,75.83,82,80,8.66,broken clouds
60,Hilo,US,19.7297,-155.09,74.28,99,75,4.61,moderate rain
61,Biak,ID,-0.9131,122.8766,75.34,87,28,6.69,scattered clouds
62,Atlantic City,US,39.3643,-74.4229,95.18,65,0,8.05,clear sky
63,Jamestown,US,42.097,-79.2353,80.02,69,100,14.97,overcast clouds
64,Aswan,EG,24.0934,32.907,97.5,12,4,11.7,clear sky
65,Huanuco,PE,-9.9329,-76.2415,76.89,38,19,7.18,few clouds
66,Bonthe,SL,7.5264,-12.505,77.72,79,100,12.01,light rain
67,Bizhbulyak,RU,53.6967,54.2642,63.43,69,99,3.02,overcast clouds
68,Qaanaaq,GL,77.484,-69.3632,45.9,70,100,4.88,overcast clouds
69,Port Hardy,CA,50.6996,-127.4199,53.78,94,100,4.61,mist
70,Salinas,US,36.6777,-121.6555,63.41,87,100,4.61,mist
71,Dustlik,UZ,40.5247,68.0358,89.24,14,0,5.17,clear sky
72,Ilulissat,GL,69.2167,-51.1,62.62,48,75,12.66,broken clouds
73,Pevek,RU,69.7008,170.3133,31.86,99,100,8.41,light snow
74,Davila,PH,18.4726,120.5763,83.79,79,54,8.72,broken clouds
75,Talcahuano,CL,-36.7167,-73.1167,53.28,94,75,2.3,broken clouds
76,Nanortalik,GL,60.1432,-45.2371,52.23,73,6,14.2,clear sky
77,Sao Filipe,CV,14.8961,-24.4956,75.76,86,75,7.76,broken clouds
78,Port Alfred,ZA,-33.5906,26.891,57.18,84,0,6.02,clear sky
79,Pathein,MM,16.7833,94.7333,76.91,94,100,10.89,overcast clouds
80,Dalnegorsk,RU,44.5604,135.5701,61.63,100,100,1.88,overcast clouds
81,Chuy,UY,-33.6971,-53.4616,62.24,84,100,10.22,light rain
82,Cabedelo,BR,-6.9811,-34.8339,77.67,80,100,13.47,overcast clouds
83,Morant Bay,JM,17.8815,-76.4093,95.7,66,40,12.59,scattered clouds
84,Alakurtti,RU,66.9672,30.3491,70.93,65,100,3.4,overcast clouds
85,Naze,JP,28.3667,129.4833,83.32,88,78,13.49,broken clouds
86,Saint-Paul,RE,-21.0096,55.2707,68.09,71,21,2.53,few clouds
87,Cherskiy,RU,68.75,161.3,34.16,90,14,9.62,few clouds
88,Port Elizabeth,ZA,-33.918,25.5701,57.49,83,0,3.44,clear sky
89,Vallenar,CL,-28.5708,-70.7581,62.56,67,25,2.91,scattered clouds
90,Dikson,RU,73.5069,80.5464,42.85,89,100,22.68,light rain
91,Kajaani,FI,64.2273,27.7285,77.05,50,0,6.91,clear sky
92,Tautira,PF,-17.7333,-149.15,75.36,78,17,12.5,light rain
93,Galle,LK,6.0367,80.217,78.76,86,85,17.09,overcast clouds
94,Koumac,NC,-20.5667,164.2833,74.28,86,7,8.5,clear sky
95,Majene,ID,-3.5403,118.9707,77.45,89,72,6.33,broken clouds
96,Bandarbeyla,SO,9.4942,50.8122,76.23,80,98,31.72,overcast clouds
97,Puerto Ayacucho,VE,5.6639,-67.6236,81.72,78,88,3.47,overcast clouds
98,Lebu,CL,-37.6167,-73.65,53.04,80,89,5.99,light rain
99,Provideniya,RU,64.3833,-173.3,39.99,77,99,10.09,overcast clouds
100,Port Blair,IN,11.6667,92.75,80.64,89,100,2.3,light rain
101,Vila Franca Do Campo,PT,37.7167,-25.4333,73.81,69,65,1.95,broken clouds
102,Kang,BW,-23.6752,22.7876,62.56,34,31,7.76,scattered clouds
103,Yatou,CN,37.15,122.3833,69.67,89,0,4.85,clear sky
104,Xining,CN,36.6167,101.7667,47.88,89,56,2.82,broken clouds
105,Zabaykalsk,RU,49.6333,117.3167,68.05,76,15,3.44,few clouds
106,Clyde River,CA,70.4692,-68.5914,39.43,93,100,14.97,moderate rain
107,Sitka,US,57.0531,-135.33,55.29,88,100,6.91,overcast clouds
108,Andenes,NO,69.3143,16.1194,59.94,77,75,10.36,broken clouds
109,Ossora,RU,59.2353,163.0719,52.65,69,6,4.9,clear sky
110,Sandwich,US,41.6459,-88.6217,87.46,61,20,8.05,few clouds
111,Olavarria,AR,-36.8927,-60.3225,57.02,43,44,6.96,scattered clouds
112,Mangrol,IN,21.1167,70.1167,82.11,80,100,15.9,overcast clouds
113,Mahalapye,BW,-23.1041,26.8142,62.6,57,87,2.35,overcast clouds
114,Micheweni,TZ,-4.9667,39.8333,74.84,79,6,14.72,clear sky
115,Fortuna,US,40.5982,-124.1573,57.92,88,83,5.93,broken clouds
116,Aktas,KZ,49.7789,72.9608,65.95,69,63,2.73,broken clouds
117,Thompson,CA,55.7435,-97.8558,60.96,94,100,10.36,smoke
118,East London,ZA,-33.0153,27.9116,56.34,88,0,9.22,clear sky
119,Balikpapan,ID,-1.2675,116.8289,83.39,79,40,3.44,scattered clouds
120,Hithadhoo,MV,-0.6,73.0833,81.07,73,100,5.21,overcast clouds
121,Muros,ES,42.7762,-9.0603,83.68,75,7,16.42,clear sky
122,Monte Alegre De Minas,BR,-18.8706,-48.8808,84.18,25,6,10.71,clear sky
123,Lasa,IT,46.6166,10.7002,83.28,69,53,2.06,broken clouds
124,Hermanus,ZA,-34.4187,19.2345,49.8,75,48,2.39,scattered clouds
125,Nipawin,CA,53.3668,-104.0009,71.64,56,0,16.11,clear sky
126,Vilyuysk,RU,63.7553,121.6247,58.01,97,100,9.42,overcast clouds
127,Biltine,TD,14.5333,20.9167,91.78,36,46,6.85,scattered clouds
128,Wuwei,CN,37.9281,102.6414,56.32,67,41,5.3,scattered clouds
129,Oroshaza,HU,46.5667,20.6667,96.94,16,1,15.35,clear sky
130,Sokolo,ML,14.7328,-6.1219,90.73,46,100,14.05,overcast clouds
131,Kropotkin,RU,45.4375,40.5756,71.11,34,52,9.1,broken clouds
132,Mana,GF,5.6592,-53.7767,83.05,74,56,7.96,broken clouds
133,Bontang,ID,0.1333,117.5,80.6,81,93,7.11,overcast clouds
134,Richards Bay,ZA,-28.783,32.0377,65.75,88,10,5.79,clear sky
135,North Smithfield,US,41.9668,-71.5495,93.81,61,0,5.75,clear sky
136,Saskylakh,RU,71.9167,114.0833,48.24,73,99,11.21,overcast clouds
137,Parkes,AU,-33.1333,148.1833,43.36,81,42,7.29,scattered clouds
138,Chapais,CA,49.7834,-74.8492,71.38,81,58,14.74,broken clouds
139,Fukue,JP,32.6881,128.8419,77.52,78,72,15.95,broken clouds
140,Byron Bay,AU,-28.65,153.6167,58.96,81,96,20.4,light rain
141,Liuzhou,CN,24.3126,109.3892,79.3,85,34,3.53,scattered clouds
142,Leshukonskoye,RU,64.8989,45.7622,68.92,54,25,7.4,scattered clouds
143,Balabac,PH,7.9868,117.0645,81.93,79,98,3.67,overcast clouds
144,Kieta,PG,-6.2167,155.6333,79.29,78,85,2.04,overcast clouds
145,Darhan,MN,49.4867,105.9228,54.99,96,100,0.92,overcast clouds
146,Leningradskiy,RU,69.3833,178.4167,33.48,99,100,12.97,light snow
147,Geraldton,AU,-28.7667,114.6,61.63,62,54,11.65,broken clouds
148,Villanueva,HN,15.3167,-88.0,85.19,66,75,2.3,broken clouds
149,Tandil,AR,-37.3217,-59.1332,52.68,27,69,6.78,broken clouds
150,Shimoda,JP,34.6667,138.95,75.11,84,99,6.64,overcast clouds
151,Ucluelet,CA,48.9329,-125.5528,55.71,82,68,6.71,broken clouds
152,Cayenne,GF,4.9333,-52.3333,87.84,18,21,5.75,few clouds
153,Bubaque,GW,11.2833,-15.8333,78.48,86,85,19.8,overcast clouds
154,Lafiagi,NG,8.8667,5.4167,81.86,79,76,2.89,light rain
155,Woodland,US,38.6785,-121.7733,83.32,58,0,4.61,clear sky
156,Mar Del Plata,AR,-38.0023,-57.5575,56.08,61,0,14.0,clear sky
157,Jatiroto,ID,-7.8833,111.1167,70.39,92,34,3.71,scattered clouds
158,Esplanada,BR,-11.7961,-37.945,82.11,51,46,9.69,scattered clouds
159,Yelabuga,RU,55.7613,52.0649,71.15,74,45,2.71,scattered clouds
160,Cabo San Lucas,MX,22.8909,-109.9124,98.62,45,0,11.5,clear sky
161,Georgetown,MY,5.4112,100.3354,83.89,89,20,3.44,few clouds
162,Nikolskoye,RU,59.7035,30.7861,76.91,62,0,2.73,clear sky
163,Vestmannaeyjar,IS,63.4427,-20.2734,50.99,100,100,6.91,light rain
164,Krasnoselkup,RU,65.7,82.4667,50.83,83,64,4.59,broken clouds
165,State College,US,40.7934,-77.86,86.29,59,40,16.11,scattered clouds
166,Arraial Do Cabo,BR,-22.9661,-42.0278,76.96,65,40,12.66,scattered clouds
167,New Norfolk,AU,-42.7826,147.0587,38.91,83,0,2.98,clear sky
168,Sakakah,SA,29.9697,40.2064,108.97,10,0,11.95,clear sky
169,Chiredzi,ZW,-21.05,31.6667,71.69,44,83,2.48,broken clouds
170,Garissa,KE,-0.4536,39.6401,79.0,58,64,23.22,broken clouds
171,Sayyan,YE,15.1718,44.3244,67.19,52,88,6.22,overcast clouds
172,Rudnya,RU,54.947,31.0934,65.91,79,10,8.77,clear sky
173,Omsukchan,RU,62.5333,155.8,43.93,75,40,5.66,scattered clouds
174,Kyshtovka,RU,56.555,76.6271,58.08,97,96,3.8,overcast clouds
175,Bissau,GW,11.8636,-15.5977,87.91,66,40,10.36,scattered clouds
176,Kununurra,AU,-15.7667,128.7333,68.0,30,8,5.53,clear sky
177,Narimanov,RU,46.6927,47.8498,76.95,60,92,11.34,overcast clouds
178,Kahului,US,20.8947,-156.47,73.42,83,40,8.05,light rain
179,Moerai,PF,-22.4333,-151.3333,71.31,58,83,26.66,broken clouds
180,Avarua,CK,-21.2078,-159.775,71.65,73,75,12.66,broken clouds
181,Ponta Do Sol,PT,32.6667,-17.1,75.13,64,1,3.76,clear sky
182,Watertown,US,42.3709,-71.1828,95.52,56,20,18.41,few clouds
183,Portland,US,45.5234,-122.6762,74.77,69,20,5.75,few clouds
184,Prince Rupert,CA,54.3161,-130.3201,57.29,84,100,6.91,overcast clouds
185,Port-Gentil,GA,-0.7193,8.7815,78.76,78,40,12.66,scattered clouds
186,Flinders,AU,-34.5833,150.8552,59.38,75,100,5.99,overcast clouds
187,Gamba,GA,-2.65,10.0,73.36,81,25,9.08,scattered clouds
188,Bereda,ES,43.2686,-7.5406,73.42,89,12,7.0,few clouds
189,Poum,NC,-20.2333,164.0167,76.14,89,5,24.09,clear sky
190,Catia La Mar,VE,10.6038,-67.0303,91.99,60,16,8.75,few clouds
191,Isangel,VU,-19.55,169.2667,76.59,85,16,11.56,few clouds
192,Victoria,HK,22.2855,114.1577,87.33,74,0,1.99,clear sky
193,Sulangan,PH,11.1373,123.7228,84.25,75,100,8.59,overcast clouds
194,Udachnyy,RU,66.4167,112.4,48.45,100,100,2.04,light rain
195,Rio Grande,BR,-32.035,-52.0986,73.51,93,100,4.27,light rain
196,Teguise,ES,29.0605,-13.564,80.82,58,0,25.32,clear sky
197,Longyearbyen,SJ,78.2186,15.6401,49.84,87,75,6.91,broken clouds
198,Oktyabrskiy,RU,54.4815,53.471,62.73,74,96,3.96,overcast clouds
199,Hasaki,JP,35.7333,140.8333,79.29,91,100,12.93,overcast clouds
200,Hamilton,US,39.1834,-84.5333,87.89,62,40,12.66,scattered clouds
201,Carnarvon,AU,-24.8667,113.6333,65.59,68,68,16.73,broken clouds
202,Mount Isa,AU,-20.7333,139.5,49.53,35,2,12.57,clear sky
203,Mangan,IN,27.5167,88.5333,76.87,91,100,1.41,light rain
204,Bathsheba,BB,13.2167,-59.5167,86.61,84,40,23.02,scattered clouds
205,Vitim,RU,59.4511,112.5578,62.1,75,92,1.45,overcast clouds
206,Loukhi,RU,66.0764,33.0381,73.06,63,80,0.76,broken clouds
207,Mecca,SA,21.4267,39.8261,92.46,41,7,7.38,clear sky
208,Gari,RU,59.4307,62.3497,59.45,80,52,6.64,broken clouds
209,Sao Luis,BR,-2.5297,-44.3028,91.6,43,40,6.91,scattered clouds
210,Mastic Beach,US,40.7668,-72.8521,91.71,82,75,13.8,broken clouds
211,Bambous Virieux,MU,-20.3428,57.7575,69.22,88,40,11.5,light rain
212,Saldanha,ZA,-33.0117,17.9442,55.45,73,50,9.04,scattered clouds
213,Manokwari,ID,-0.8667,134.0833,78.1,82,73,3.78,broken clouds
214,Jining,CN,35.405,116.5814,75.61,78,0,4.47,clear sky
215,Broome,US,42.2506,-75.833,91.45,51,75,14.97,broken clouds
216,Petropavlovsk-Kamchatskiy,RU,53.0452,158.6483,57.79,100,100,2.24,light rain
217,Port Lincoln,AU,-34.7333,135.8667,54.79,68,100,14.14,overcast clouds
218,West Bay,KY,19.3667,-81.4167,87.87,66,40,9.22,scattered clouds
219,Litovko,RU,49.2361,135.1742,60.37,84,89,8.61,overcast clouds
220,Zuwarah,LY,32.9312,12.082,82.87,62,0,16.89,clear sky
221,Mahebourg,MU,-20.4081,57.7,69.26,88,40,11.5,scattered clouds
222,Saint-Pierre,RE,-21.3393,55.4781,66.29,75,0,4.61,clear sky
223,Antofagasta,CL,-23.65,-70.4,58.28,70,51,6.76,broken clouds
224,Broken Hill,AU,-31.95,141.4333,45.48,88,40,9.53,scattered clouds
225,Tevaitoa,PF,-16.7833,-151.5,76.53,75,22,12.84,light rain
226,Baruun-Urt,MN,46.6806,113.2792,71.8,45,55,11.92,broken clouds
227,Campoverde,PE,-8.4753,-74.8058,85.69,41,35,2.28,scattered clouds
228,Souillac,MU,-20.5167,57.5167,68.38,88,40,11.5,light rain
229,Ourossogui,SN,15.6064,-13.3211,95.0,59,75,2.3,thunderstorm
230,Mandali,IQ,33.7499,45.5541,104.31,9,0,10.65,clear sky
231,Qovlar,AZ,40.948,45.735,76.5,54,40,13.94,scattered clouds
232,Port Moresby,PG,-9.4431,147.1797,75.94,90,88,4.97,overcast clouds
233,Saint-Louis,SN,16.3333,-15.0,98.24,42,89,9.13,overcast clouds
234,Angoche,MZ,-16.2325,39.9086,72.48,69,1,5.79,clear sky
235,Quatre Cocos,MU,-20.2078,57.7625,69.1,72,70,19.84,light rain
236,Kitui,KE,-1.367,38.0106,66.52,62,80,14.52,broken clouds
237,Teya,RU,60.3778,92.6267,56.25,86,73,2.42,broken clouds
238,Muncar,ID,-8.4333,114.3333,74.89,82,58,3.74,broken clouds
239,Sisimiut,GL,66.9395,-53.6735,48.22,90,100,15.84,overcast clouds
240,Hualmay,PE,-11.0964,-77.6139,65.59,72,64,9.73,broken clouds
241,Rio Gallegos,AR,-51.6226,-69.2181,33.85,75,0,31.07,clear sky
242,Ishigaki,JP,24.3448,124.1572,82.53,94,40,5.75,scattered clouds
243,Nova Vicosa,BR,-17.8919,-39.3719,76.91,63,2,8.59,clear sky
244,Pangnirtung,CA,66.1451,-65.7125,44.6,100,100,5.75,light rain
245,Thongwa,MM,16.7619,96.5278,77.16,92,100,7.63,light rain
246,Sinnamary,GF,5.3833,-52.95,83.05,72,32,7.74,scattered clouds
247,Jaguey Grande,CU,22.5269,-81.1286,93.33,40,10,7.05,clear sky
248,Klaksvik,FO,62.2266,-6.589,50.92,82,43,10.6,scattered clouds
249,Faanui,PF,-16.4833,-151.75,77.22,73,19,12.39,few clouds
250,Kermanshah,IR,34.3142,47.065,92.3,32,0,16.11,clear sky
251,Marsh Harbour,BS,26.5412,-77.0636,83.5,71,9,11.54,clear sky
252,Kedrovyy,RU,56.1667,91.8167,57.87,95,100,4.43,light rain
253,Namtsy,RU,62.7161,129.6658,68.38,76,54,2.51,broken clouds
254,Narsaq,GL,60.9167,-46.05,66.42,71,8,8.03,clear sky
255,Vao,NC,-22.6667,167.4833,73.29,90,16,20.42,few clouds
256,Cidreira,BR,-30.1811,-50.2056,72.45,71,97,1.68,overcast clouds
257,Palmas,BR,-10.2128,-48.3603,89.47,31,75,8.05,broken clouds
258,Esperance,AU,-33.8667,121.9,53.44,72,63,18.45,broken clouds
259,Denpasar,ID,-8.65,115.2167,78.46,83,40,13.8,scattered clouds
260,Vyartsilya,RU,62.1764,30.693,77.61,82,16,5.14,few clouds
261,Karratha,AU,-20.7377,116.8463,70.75,84,1,7.81,clear sky
262,Kupang,ID,-10.1667,123.5833,75.04,80,25,11.72,scattered clouds
263,Inongo,CD,-1.95,18.2667,73.0,77,74,3.22,light rain
264,Meadow Lake,US,34.8014,-106.5436,89.2,39,30,6.04,scattered clouds
265,Petrovac,RS,44.3769,21.4192,92.25,18,0,11.3,clear sky
266,Vostok,RU,46.4856,135.8833,58.69,99,53,2.15,broken clouds
267,Lavrentiya,RU,65.5833,-171.0,39.43,89,100,22.01,light rain
268,Wagar,SD,16.1525,36.2032,93.29,34,63,8.14,broken clouds
269,Wewak,PG,-3.5534,143.6268,79.2,84,89,5.7,overcast clouds
270,Gasa,PS,31.5,34.4667,82.89,74,3,9.89,clear sky
271,Jibuti,DJ,11.5,42.5,94.73,27,79,6.85,broken clouds
272,Kurud,IN,20.8322,81.7214,80.58,90,100,8.61,overcast clouds
273,Taltal,CL,-25.4,-70.4833,62.06,74,20,5.41,few clouds
274,Kaeo,NZ,-35.1,173.7833,50.32,95,35,3.74,scattered clouds
275,Bull Savanna,JM,17.8868,-77.5902,87.37,57,2,17.92,clear sky
276,Pokhara,NP,28.2333,83.9833,72.37,87,99,3.74,overcast clouds
277,Arrecife,ES,28.963,-13.5477,84.18,58,0,25.32,clear sky
278,Kavieng,PG,-2.5744,150.7967,81.0,80,100,10.04,light rain
279,Bismil,TR,37.8486,40.6658,98.33,18,0,10.92,clear sky
280,Taksimo,RU,56.3444,114.8794,62.53,78,100,1.81,overcast clouds
281,Ust-Uda,RU,54.1742,103.0304,58.17,75,100,2.66,overcast clouds
282,Los Llanos De Aridane,ES,28.6585,-17.9182,73.15,73,0,17.27,clear sky
283,De-Kastri,RU,51.4667,140.7833,56.95,98,100,5.75,overcast clouds
284,Husavik,IS,66.0449,-17.3389,50.72,78,76,6.49,broken clouds
285,Loreto,MX,22.2667,-101.9667,81.14,17,1,4.76,clear sky
286,Inuvik,CA,68.3499,-133.7218,54.46,97,100,6.91,light rain
287,Acapulco,MX,16.8634,-99.8901,86.68,68,81,5.06,broken clouds
288,Pisco,PE,-13.7,-76.2167,64.02,77,100,3.44,smoke
289,Lons-Le-Saunier,FR,46.75,5.75,85.24,45,0,2.57,clear sky
290,Det Udom,TH,14.906,105.0784,75.02,92,95,5.68,moderate rain
291,Makakilo City,US,21.3469,-158.0858,74.68,79,75,18.41,light rain
292,Jalu,LY,29.0331,21.5482,91.51,19,0,11.72,clear sky
293,Halapitan,PH,7.9175,125.33,70.7,97,100,0.96,overcast clouds
294,Alta,NO,69.9689,23.2717,60.19,86,75,3.44,broken clouds
295,Papara,BR,-3.9839,-38.7273,84.96,69,76,8.9,broken clouds
296,Feltre,IT,46.0235,11.907,94.51,55,9,2.93,clear sky
297,Abbeville,FR,50.1,1.8333,76.24,48,84,7.47,broken clouds
298,Eucaliptus,BO,-17.5833,-67.5167,59.16,11,74,6.2,broken clouds
299,Butka,RU,56.7179,63.7866,57.74,96,97,7.07,overcast clouds
300,Ribeira Grande,PT,38.5167,-28.7,75.6,83,40,8.05,scattered clouds
301,Ixtapa,MX,20.7,-105.2,89.22,74,28,3.0,scattered clouds
302,Slave Lake,CA,55.2834,-114.769,69.78,40,20,11.5,few clouds
303,Springfield,US,37.2153,-93.2982,92.43,43,0,7.0,clear sky
304,Ashland,US,40.8167,-82.2665,83.48,63,0,13.47,clear sky
305,Damietta,EG,31.4165,31.8133,79.34,70,1,14.76,clear sky
306,Orange,US,33.7,-117.7675,87.89,63,75,3.44,broken clouds
307,Guider,CM,9.9342,13.9486,81.03,74,77,4.32,broken clouds
308,Palmer,US,42.1584,-72.3287,93.24,58,69,7.0,broken clouds
309,Tambura,SS,5.6,27.4667,71.19,89,100,2.26,light rain
310,Havre-Saint-Pierre,CA,50.2334,-63.5986,70.16,56,75,12.66,broken clouds
311,Carutapera,BR,-1.195,-46.02,88.48,52,40,6.58,scattered clouds
312,Armidale,AU,-30.5167,151.65,44.19,97,100,15.57,overcast clouds
313,Tortoli,IT,39.9256,9.6572,87.53,44,8,3.18,clear sky
314,Requena,ES,39.4883,-1.1004,83.79,35,0,13.29,clear sky
315,Ahipara,NZ,-35.1667,173.1667,54.03,85,82,7.2,broken clouds
316,Touros,BR,-5.1989,-35.4608,81.99,64,83,13.89,broken clouds
317,Port Augusta,AU,-32.5,137.7667,48.79,89,79,7.05,broken clouds
318,La Paz,BO,-16.5,-68.15,60.78,12,40,6.91,scattered clouds
319,Mamallapuram,IN,12.6264,80.1722,87.85,73,71,7.94,broken clouds
320,Severo-Kurilsk,RU,50.6789,156.125,52.57,97,100,24.63,moderate rain
321,Kargasok,RU,59.0556,80.8572,57.38,94,97,6.06,light rain
322,Wakkanai,JP,45.4094,141.6739,59.61,92,36,8.68,scattered clouds
323,Saurimo,AO,-9.6608,20.3916,78.58,23,58,1.1,broken clouds
324,Jaisalmer,IN,26.9147,70.9181,89.91,59,82,17.11,broken clouds
325,Mehamn,NO,71.0357,27.8492,60.75,88,75,2.3,light rain
326,Akdepe,TM,42.0551,59.3788,98.69,20,0,18.72,clear sky
327,Torbay,CA,47.6666,-52.7314,75.88,64,75,19.57,broken clouds
328,Kavaratti,IN,10.5669,72.642,80.98,81,89,20.33,overcast clouds
329,Yerbogachen,RU,61.2767,108.0108,57.7,78,92,3.49,overcast clouds
330,Homer,US,59.6425,-151.5483,53.76,88,100,1.01,overcast clouds
331,Sidi Ali,DZ,36.0998,0.4206,84.09,52,0,13.67,clear sky
332,Kaitangata,NZ,-46.2817,169.8464,43.03,90,99,4.21,overcast clouds
333,Bani Walid,LY,31.7566,13.9942,88.5,25,0,19.82,clear sky
334,Axim,GH,4.8699,-2.2405,77.59,63,41,9.44,scattered clouds
335,Noumea,NC,-22.2763,166.4572,75.99,99,21,10.18,few clouds
336,Tilichiki,RU,60.4667,166.1,47.21,71,0,6.73,clear sky
337,Puerto Baquerizo Moreno,EC,-0.9,-89.6,72.59,78,40,10.36,scattered clouds
338,Sur,OM,22.5667,59.5289,89.06,65,98,10.29,overcast clouds
339,Gat,IL,31.61,34.7642,83.8,100,2,9.37,clear sky
340,Vanavara,RU,60.34,102.2797,56.46,75,65,2.48,broken clouds
341,Sao Felix Do Xingu,BR,-6.6447,-51.995,95.85,22,5,3.62,clear sky
342,Smithers,CA,54.7804,-127.1743,59.32,63,40,0.0,scattered clouds
343,North Bend,US,43.4065,-124.2243,61.16,92,100,4.61,overcast clouds
344,Hede,CN,33.7681,120.2517,73.2,95,0,4.63,clear sky
345,Beyla,GN,8.6833,-8.6333,73.27,83,97,2.98,overcast clouds
346,Stokmarknes,NO,68.5646,14.9108,57.18,77,75,3.44,broken clouds
347,San Cristobal,VE,7.7669,-72.225,78.98,67,94,6.93,overcast clouds
348,Wisla,PL,49.6563,18.8591,85.15,55,14,4.18,few clouds
349,Hami,CN,42.8,93.45,77.68,22,0,2.06,clear sky
350,Felanitx,ES,39.4696,3.1483,92.44,49,0,8.48,clear sky
351,Sfantu Gheorghe,RO,45.8667,25.7833,81.82,39,2,7.2,clear sky
352,Houma,US,29.5958,-90.7195,95.0,66,66,5.99,broken clouds
353,Puerto Madryn,AR,-42.7692,-65.0385,49.3,35,98,22.86,overcast clouds
354,Zhangye,CN,38.9342,100.4517,62.67,47,1,9.35,clear sky
355,Coripata,BO,-16.3,-67.6,79.65,34,74,4.94,broken clouds
356,Santa Barbara,US,34.7333,-120.0343,89.35,17,20,5.14,few clouds
357,Haines Junction,CA,60.7522,-137.5108,49.95,71,96,1.14,overcast clouds
358,Machhlishahr,IN,25.6833,82.4167,84.16,75,100,4.81,overcast clouds
359,Umm Kaddadah,SD,13.6017,26.6876,77.38,57,100,2.82,overcast clouds
360,Tahta,EG,26.7693,31.5021,94.73,12,0,13.71,clear sky
361,Japura,ID,-0.3167,102.35,74.01,97,91,2.24,overcast clouds
362,Plouzane,FR,48.3833,-4.6167,69.85,54,40,13.8,scattered clouds
363,San Patricio,US,28.017,-97.5169,94.15,40,2,15.37,clear sky
364,Roros,NO,62.5747,11.3842,56.12,77,89,13.09,overcast clouds
365,Arkhangelsk,RU,64.5401,40.5433,66.31,88,0,6.71,clear sky
366,San Jose,US,37.3394,-121.895,79.5,61,40,3.44,scattered clouds
367,Raga,SS,8.4596,25.678,71.85,92,93,3.27,light rain
368,Palembang,ID,-2.9167,104.7458,77.09,94,20,2.3,haze
369,Egvekinot,RU,66.3167,-179.1667,35.04,66,21,11.21,few clouds
370,Dongsheng,CN,39.8161,109.9776,76.41,36,100,11.23,overcast clouds
371,Itaituba,BR,-4.2761,-55.9836,95.16,49,20,5.75,few clouds
372,Nieuw Amsterdam,SR,5.8833,-55.0833,85.01,84,40,6.91,scattered clouds
373,Ayia Galini,GR,35.1,24.6833,82.74,38,0,13.0,clear sky
374,Tual,ID,-5.6667,132.75,77.99,77,65,17.45,broken clouds
375,Saint George,US,37.1041,-113.5841,99.79,20,0,4.61,clear sky
376,Mantua,IT,45.1667,10.7833,100.09,16,2,5.55,clear sky
377,Namibe,AO,-15.1961,12.1522,64.47,81,0,5.32,clear sky
378,Lagoa,PT,39.05,-27.9833,72.82,80,72,4.41,broken clouds
379,Pitimbu,BR,-7.4706,-34.8086,77.59,82,91,13.09,overcast clouds
380,Isiro,CD,2.7739,27.616,68.7,96,83,1.45,light rain
381,Cristalina,BR,-16.7686,-47.6136,75.94,32,4,8.37,clear sky
382,Beloha,MG,-25.1667,45.05,66.47,78,18,6.26,few clouds
383,Victor Harbor,AU,-35.5667,138.6167,53.67,74,100,14.07,overcast clouds
384,Salinopolis,BR,-0.6136,-47.3561,84.6,65,25,9.06,scattered clouds
385,Viedma,AR,-40.8135,-62.9967,54.14,20,74,18.95,broken clouds
386,Paamiut,GL,61.994,-49.6678,46.51,89,60,7.05,broken clouds
387,Cullman,US,34.1748,-86.8436,89.96,72,75,4.61,broken clouds
388,Alofi,NU,-19.0595,-169.9187,67.89,88,6,2.3,clear sky
389,Aykhal,RU,66.0,111.5,52.05,92,100,1.32,overcast clouds
390,Kalmar,SE,56.6616,16.3616,75.58,64,35,11.43,scattered clouds
391,Aklavik,CA,68.2191,-135.0107,57.2,94,75,3.44,shower rain
392,Bodmin,GB,50.4715,-4.7243,73.44,55,20,10.36,few clouds
393,Vila Velha,BR,-20.3297,-40.2925,78.75,78,40,12.66,scattered clouds
394,Coquimbo,CL,-29.9533,-71.3436,55.13,82,75,8.05,broken clouds
395,Chimbote,PE,-9.0853,-78.5783,66.31,72,95,9.95,overcast clouds
396,Oshawa,CA,43.9001,-78.8496,83.91,60,100,13.8,overcast clouds
397,Dachau,DE,48.26,11.434,80.13,63,46,6.78,scattered clouds
398,Honiara,SB,-9.4333,159.95,76.26,85,21,3.85,few clouds
399,Durban,ZA,-29.8579,31.0292,68.02,90,30,4.0,scattered clouds
400,Oranjemund,NA,-28.55,16.4333,56.21,74,3,7.2,clear sky
401,Chernyshevskiy,RU,63.0128,112.4714,55.54,89,94,3.38,overcast clouds
402,Shiloh,US,38.5614,-89.8973,93.9,40,0,2.8,clear sky
403,Mayo,US,38.8876,-76.5119,95.97,66,0,5.75,clear sky
404,Villa Union,MX,23.2,-106.2333,93.02,77,47,5.73,scattered clouds
405,Mollendo,PE,-17.0231,-72.0147,62.22,78,100,7.81,overcast clouds
406,Dwarka,IN,22.2394,68.9678,82.92,81,98,18.68,overcast clouds
407,Katherine,AU,-14.4667,132.2667,59.38,46,81,6.78,broken clouds
408,Maniitsoq,GL,65.4167,-52.9,44.46,94,100,12.75,overcast clouds
409,Kayerkan,RU,69.3497,87.7602,55.53,81,37,5.19,light rain
410,Zinder,NE,13.8072,8.9881,93.11,33,58,3.02,broken clouds
411,Trelew,AR,-43.249,-65.3051,48.99,36,60,25.5,broken clouds
412,Vung Tau,VN,10.346,107.0843,77.9,87,86,7.36,overcast clouds
413,Samarkand,UZ,39.6542,66.9597,89.02,20,0,9.22,clear sky
414,Iisalmi,FI,63.5592,27.1907,73.74,59,98,4.74,overcast clouds
415,Bujaru,BR,-1.515,-48.0447,90.93,43,24,4.59,few clouds
416,Asbury Park,US,40.2204,-74.0121,98.24,67,40,8.05,scattered clouds
417,Ulaangom,MN,49.9811,92.0667,63.91,42,76,5.03,broken clouds
418,Zhigansk,RU,66.7697,123.3711,56.34,96,100,8.05,light rain
419,Puerto Del Rosario,ES,28.5004,-13.8627,80.35,69,0,17.27,clear sky
420,Concepcion Del Oro,MX,24.6333,-101.4167,77.31,32,2,0.49,clear sky
421,Pachino,IT,36.7186,15.0907,82.06,62,0,8.57,clear sky
422,Mattawa,US,46.7379,-119.9028,89.02,23,44,5.59,scattered clouds
423,Severnyy,RU,50.677,36.5532,60.84,94,0,8.95,clear sky
424,Yining,CN,29.0361,114.5636,79.16,89,97,2.35,light rain
425,Biggar,GB,55.6167,-3.5167,68.29,68,100,3.49,overcast clouds
426,Kuching,MY,1.55,110.3333,77.22,100,40,5.99,moderate rain
427,Beringovskiy,RU,63.05,179.3167,45.36,72,99,10.98,overcast clouds
428,Hambantota,LK,6.1241,81.1185,79.54,82,96,20.69,moderate rain
429,Sao Joao Da Barra,BR,-21.6403,-41.0511,78.89,71,21,9.84,few clouds
430,Marawi,PH,7.9986,124.2928,68.79,94,88,2.57,overcast clouds
431,Yantal,RU,56.8471,105.2542,56.48,83,99,3.8,overcast clouds
432,Nacala,MZ,-14.5428,40.6728,70.75,76,7,6.4,clear sky
433,Hofn,IS,64.2539,-15.2082,55.42,76,100,6.91,overcast clouds
434,Padang,ID,-0.9492,100.3543,77.61,88,99,3.36,overcast clouds
435,Hays,US,30.0502,-98.0336,93.67,55,84,10.6,broken clouds
436,Atbasar,KZ,51.8,68.3333,64.42,58,16,8.99,few clouds
437,Daugavpils,LV,55.8833,26.5333,74.08,67,16,4.12,few clouds
438,Sisophon,KH,13.5859,102.9737,73.87,93,100,6.31,overcast clouds
439,Goure,NE,13.9835,10.2704,90.01,38,99,0.96,overcast clouds
440,Golden,US,39.7555,-105.2211,91.22,27,20,6.91,few clouds
441,Horqueta,PY,-23.3428,-57.0597,93.76,17,45,10.47,scattered clouds
442,Nouadhibou,MR,20.931,-17.0347,78.78,69,10,5.75,clear sky
443,Finschhafen,PG,-6.6024,147.8681,78.17,83,41,2.26,scattered clouds
444,Korla,CN,41.7597,86.1469,80.46,28,0,4.21,clear sky
445,Burnie,AU,-41.0667,145.9167,48.94,72,55,10.22,broken clouds
446,Ugoofaaru,MV,5.6667,73.0,81.79,78,100,18.1,overcast clouds
447,Kwinana,AU,-32.25,115.7667,61.93,60,79,3.0,broken clouds
448,Boyolangu,ID,-8.1181,111.8935,73.31,90,81,5.44,broken clouds
449,Tsuruoka,JP,38.7217,139.8217,72.66,85,100,3.56,overcast clouds
450,Yulara,AU,-25.2406,130.9889,50.14,40,5,8.48,clear sky
451,Angouleme,FR,45.65,0.15,87.21,37,0,4.61,clear sky
452,Salalah,OM,17.0151,54.0924,77.14,93,89,9.42,light rain
453,Road Town,VG,18.4167,-64.6167,80.69,94,40,9.22,scattered clouds
454,Norman Wells,CA,65.282,-126.8329,60.84,88,75,0.0,broken clouds
455,Bagan,RU,54.1001,77.6646,63.32,80,15,8.32,few clouds
456,Dunedin,NZ,-45.8742,170.5036,47.8,82,96,5.99,overcast clouds
457,Ada,US,43.4166,-116.1262,83.98,23,0,4.61,clear sky
458,Petatlan,MX,17.5167,-101.2667,92.1,53,79,6.85,broken clouds
459,Jahazpur,IN,25.6167,75.2833,79.95,85,100,5.91,overcast clouds
460,Tailai,CN,46.3833,123.4,72.97,69,5,4.38,clear sky
461,Tucuman,AR,-26.8241,-65.2226,66.2,48,84,9.22,broken clouds
462,Mayor Pablo Lagerenza,PY,-19.9309,-60.7718,94.86,18,56,19.17,broken clouds
463,Coahuayana,MX,18.7333,-103.6833,91.45,60,54,4.34,broken clouds
464,Roald,NO,62.5833,6.1333,59.16,82,40,13.8,scattered clouds
465,Mildura,AU,-34.2,142.15,43.07,88,3,11.65,clear sky
466,Kargil,IN,34.5667,76.1,68.81,29,100,5.1,overcast clouds
467,Kalmunai,LK,7.4167,81.8167,81.01,82,18,8.21,few clouds
468,Constitucion,CL,-35.3333,-72.4167,59.34,69,20,7.23,few clouds
469,Leona Vicario,MX,20.9667,-87.1917,89.47,40,27,6.71,scattered clouds
470,Namie,JP,37.4833,141.0,76.71,90,100,3.53,light rain
471,Kuala Terengganu,MY,5.3302,103.1408,78.75,100,20,0.0,few clouds
472,Plettenberg Bay,ZA,-34.0527,23.3716,54.63,80,0,3.02,clear sky
473,Jacksonville,US,30.3322,-81.6556,93.02,64,40,9.22,scattered clouds
474,Tanout,NE,14.9709,8.8879,92.46,31,76,3.53,broken clouds
475,Le Port,RE,-20.9373,55.2919,67.96,72,18,7.36,few clouds
476,Marystown,CA,47.1666,-55.1483,69.85,100,37,13.0,scattered clouds
477,Ylivieska,FI,64.0833,24.55,78.89,59,86,2.21,overcast clouds
478,Dubovskoye,RU,47.4092,42.7575,72.93,35,16,4.59,few clouds
479,Horodnytsya,UA,50.807,27.3168,70.43,56,34,8.5,scattered clouds
480,Komsomolskiy,UZ,40.4272,71.7189,90.32,29,0,4.61,clear sky
481,Nizwa,OM,22.9333,57.5333,89.98,61,100,2.46,overcast clouds
482,San Pablo,PH,14.0669,121.3258,76.91,94,100,2.51,overcast clouds
483,Jhargram,IN,22.45,86.9833,82.65,82,100,7.99,overcast clouds
484,Celestun,MX,20.8667,-90.4,88.32,58,1,5.1,clear sky
485,Tlaltenango,MX,19.1667,-98.3333,74.89,33,32,4.54,scattered clouds
486,Conde,BR,-7.2597,-34.9075,76.46,94,75,8.05,broken clouds
487,Lengshuijiang,CN,27.6881,111.4294,79.93,84,83,2.48,broken clouds
488,Mathbaria,BD,22.2876,89.9593,82.04,87,100,4.88,overcast clouds
489,Aksarka,RU,66.5606,67.7975,48.22,67,8,7.65,clear sky
490,Guarapari,BR,-20.6667,-40.4975,75.88,68,22,7.63,few clouds
491,Yakeshi,CN,49.2833,120.7333,64.8,75,8,2.84,clear sky
492,Namatanai,PG,-3.6667,152.4333,78.73,81,37,5.99,light rain
493,Yar-Sale,RU,66.8333,70.8333,46.29,80,100,5.82,overcast clouds
494,Polunochnoye,RU,60.8697,60.4153,58.12,68,89,2.1,overcast clouds
495,Jacareacanga,BR,-6.2222,-57.7528,99.1,26,27,2.8,scattered clouds
496,Metro,ID,-5.1131,105.3067,74.39,93,85,4.03,overcast clouds
497,George Town,MY,5.4112,100.3354,83.89,89,20,3.44,few clouds
498,Amga,RU,60.8953,131.9608,63.7,81,3,2.51,clear sky
499,Shingu,JP,33.7333,135.9833,77.77,94,64,3.49,broken clouds
500,Samarai,PG,-10.6167,150.6667,79.41,82,2,8.12,clear sky
501,Khovu-Aksy,RU,51.1333,93.6,58.8,47,99,3.53,overcast clouds
502,Coihaique,CL,-45.5752,-72.0662,33.75,93,75,3.44,broken clouds
503,Atar,MR,20.5169,-13.0499,104.97,20,43,12.24,scattered clouds
504,Riyadh,SA,24.6877,46.7219,107.74,7,48,12.01,scattered clouds
505,Taian,CN,36.1853,117.12,75.02,75,1,0.27,clear sky
506,Henties Bay,NA,-22.116,14.2845,57.92,81,1,10.6,clear sky
507,Grand-Lahou,CI,5.1367,-5.0242,77.68,64,53,6.82,broken clouds
508,Klyuchi,RU,52.2667,79.1667,73.99,53,100,13.56,overcast clouds
509,Mabaruma,GY,8.2,-59.7833,82.31,84,24,5.06,few clouds
510,Moa,CU,20.6569,-74.9403,87.76,64,18,14.54,few clouds
511,Saint-Joseph,RE,-21.3667,55.6167,65.21,73,45,14.97,scattered clouds
512,Ballina,AU,-28.8667,153.5667,59.04,99,98,21.09,light rain
513,Salta,AR,-24.7859,-65.4117,74.57,38,0,2.3,clear sky
514,Kuliyapitiya,LK,7.4688,80.0401,80.28,91,91,6.44,overcast clouds
515,Williams Lake,CA,52.1415,-122.1445,67.57,48,20,0.0,few clouds
516,Kiruna,SE,67.8557,20.2251,58.12,82,100,6.91,overcast clouds
517,Traverse City,US,44.7631,-85.6206,83.98,48,0,14.43,clear sky
518,Puri,IN,19.8,85.85,82.92,82,100,8.23,overcast clouds
519,Pringsewu,ID,-5.3582,104.9744,73.62,97,93,2.3,overcast clouds
520,Kingori,TZ,-3.2833,36.9833,66.58,60,75,11.5,broken clouds
521,Newport,GB,51.5877,-2.9984,74.12,59,18,6.04,few clouds
522,Imbituba,BR,-28.24,-48.6703,78.1,69,25,18.01,scattered clouds
523,Puqi,CN,29.7167,113.8833,81.5,81,84,5.21,broken clouds
524,Palekh,RU,56.8028,41.8572,59.94,90,45,5.06,scattered clouds
525,Ust-Nera,RU,64.5667,143.2,52.09,85,29,6.49,scattered clouds
526,Katete,UG,-0.7818,29.7544,70.61,44,34,4.0,scattered clouds
527,Khor,RU,47.8861,134.9464,63.01,81,100,7.63,overcast clouds
528,Laguna,US,38.421,-121.4238,91.09,40,0,4.74,clear sky
529,Yuanping,CN,38.7153,112.7575,71.62,63,100,1.77,overcast clouds
530,Lazaro Cardenas,MX,17.9583,-102.2,88.05,64,83,6.55,broken clouds
531,Vardo,NO,70.3705,31.1107,58.98,82,0,6.91,clear sky
532,Panorama,GR,40.5878,23.0315,89.28,36,0,9.22,clear sky
533,Nokaneng,BW,-19.6667,22.2667,69.55,35,90,11.21,overcast clouds
534,Lufilufi,WS,-13.8745,-171.5986,71.38,74,18,19.86,few clouds
535,Olafsvik,IS,64.8945,-23.7142,52.47,77,84,2.39,broken clouds
536,Opuwo,NA,-18.0607,13.84,68.43,21,0,7.7,clear sky
537,Luchegorsk,RU,46.4764,134.2569,61.29,98,27,3.69,scattered clouds
538,Mao,ES,39.8885,4.2658,86.56,51,0,8.05,clear sky
539,Prince George,CA,53.9166,-122.753,67.24,57,20,4.61,few clouds
540,Vilhena,BR,-12.7406,-60.1458,86.22,32,0,13.8,clear sky
541,Nisia Floresta,BR,-6.0911,-35.2086,84.58,75,99,11.16,overcast clouds
542,Salumbar,IN,24.1333,74.05,82.2,79,100,10.0,overcast clouds
543,Liku,ID,-0.7275,119.8922,75.22,91,56,2.48,broken clouds
544,Tuy Hoa,VN,13.0833,109.3,76.44,92,39,4.54,scattered clouds
545,Tapes,BR,-30.6733,-51.3958,66.74,87,100,4.32,overcast clouds
546,Colorado Springs,US,38.8339,-104.8214,86.67,36,4,3.0,clear sky
547,Samfya,ZM,-11.3649,29.5565,72.19,38,64,5.68,broken clouds
548,Kadiri,IN,14.1167,78.1667,82.96,58,100,10.47,overcast clouds
549,Mazamet,FR,43.49,2.373,96.08,30,0,5.75,clear sky
550,Avera,US,33.194,-82.5271,82.38,67,100,11.56,overcast clouds
551,Oyama,JP,36.3,139.8,83.59,90,99,3.87,overcast clouds
552,Hokitika,NZ,-42.7167,170.9667,40.35,71,0,8.05,clear sky
553,Zaysan,KZ,47.4667,84.8667,71.22,34,58,3.85,broken clouds
554,Bangkalan,ID,-7.0455,112.7351,80.55,80,58,3.31,broken clouds
555,Gunjur,GM,13.2019,-16.7339,89.67,74,75,8.05,light rain
556,Jinchang,CN,38.4953,102.1739,59.54,58,6,9.98,clear sky
557,Mainburg,DE,48.65,11.7833,78.22,50,20,4.61,few clouds
558,Half Moon Bay,US,37.4636,-122.4286,76.59,80,100,6.91,mist
559,Puerto Maldonado,PE,-12.6,-69.1833,88.2,51,20,3.44,few clouds
560,Comodoro Rivadavia,AR,-45.8667,-67.5,44.46,42,20,24.16,few clouds
561,Tyukhtet,RU,56.5389,89.3011,57.09,97,100,6.8,overcast clouds
562,Mendoza,AR,-32.8908,-68.8272,60.33,29,0,10.36,clear sky
563,Narnaund,IN,29.2167,76.15,85.82,70,89,4.99,overcast clouds
564,Sundsvall,SE,62.3913,17.3063,73.36,63,0,3.44,clear sky
565,Olinda,BR,-8.0089,-34.8553,74.93,88,75,9.22,broken clouds
566,Seoul,KR,37.5683,126.9778,74.64,88,75,2.3,broken clouds
567,Bilibino,RU,68.0546,166.4372,37.17,63,47,3.33,scattered clouds
568,Neuquen,AR,-38.9516,-68.0591,49.89,46,0,3.44,light rain
569,Sao Jose Da Coroa Grande,BR,-8.8978,-35.1478,78.17,76,82,12.53,broken clouds
570,Zhanakorgan,KZ,43.9098,67.2495,96.33,15,8,8.72,clear sky
571,Dothan,US,31.2232,-85.3905,90.19,73,75,6.91,broken clouds
572,Ponta Pora,BR,-22.5361,-55.7256,84.11,32,0,6.91,clear sky
573,Maarianhamina,AX,60.0973,19.9348,71.46,78,57,9.22,broken clouds
574,Talnakh,RU,69.4865,88.3972,56.21,87,24,7.36,light rain
575,Tsumeb,NA,-19.2333,17.7167,66.15,18,0,8.14,clear sky
576,Saint-Augustin,CA,51.226,-58.6502,76.93,40,45,11.3,scattered clouds
577,Yekepa,LR,7.5753,-8.5419,77.22,72,94,1.68,overcast clouds
578,Taonan,CN,45.3333,122.7833,72.45,69,13,5.1,few clouds
579,Juneau,US,58.3019,-134.4197,54.84,98,100,11.5,mist
580,Roma,US,43.2128,-75.4557,88.66,59,5,4.0,clear sky
581,Ancud,CL,-41.8697,-73.8203,41.23,82,100,13.13,light rain
582,Zbarazh,UA,49.6636,25.7762,70.48,50,8,7.63,clear sky
583,Faya,SA,18.3851,42.4509,69.91,53,96,5.93,overcast clouds
584,Kasama,ZM,-10.2129,31.1808,64.38,47,43,5.41,scattered clouds
585,Bud,US,39.447,-86.1758,87.31,55,0,8.95,clear sky
586,Guanare,VE,9.0418,-69.7421,71.62,100,46,2.3,scattered clouds
587,San Policarpo,PH,12.1791,125.5072,82.02,79,8,4.65,clear sky
588,Basco,PH,20.4487,121.9702,85.26,80,8,13.6,clear sky
589,Linjiang,CN,41.8069,126.9078,65.08,98,100,1.72,light rain
590,Whitehorse,CA,60.7161,-135.0538,50.09,71,75,13.8,broken clouds
591,Sokolskoye,RU,57.1412,43.1589,63.12,82,73,5.97,broken clouds
592,Sterling,US,39.0062,-77.4286,94.14,62,100,13.0,overcast clouds
593,Kachiry,KZ,53.0675,76.1036,65.93,57,35,8.81,scattered clouds
594,Kalaleh,IR,37.3807,55.4916,91.0,52,0,6.91,clear sky
595,Keuruu,FI,62.2667,24.7,82.8,57,71,4.47,broken clouds
596,Romny,UA,50.751,33.4747,63.16,89,89,13.4,light rain
597,Pangkalanbuun,ID,-2.6833,111.6167,73.98,99,56,1.99,broken clouds
598,Soyo,AO,-6.1349,12.3689,71.24,85,59,11.07,broken clouds
599,Kabalo,CD,-6.05,26.9167,83.39,35,81,4.9,broken clouds
600,Petropavl,KZ,54.8753,69.1628,59.4,85,14,12.06,few clouds
601,Elliot,ZA,-31.3333,27.85,48.25,60,9,1.83,clear sky
602,Gold Coast,AU,-28.0,153.4333,61.25,96,75,27.63,moderate rain
603,Arlit,NE,18.7369,7.3853,104.56,9,2,10.4,clear sky
604,Wattegama,LK,6.7989,81.4808,76.17,90,90,6.67,overcast clouds
605,Kvarkeno,RU,52.0833,59.725,66.96,53,45,6.06,scattered clouds
606,Ginir,ET,7.1333,40.7,59.29,75,65,6.17,broken clouds
607,Cathedral City,US,33.7797,-116.4653,105.69,18,100,5.99,overcast clouds
608,Sao Miguel Do Araguaia,BR,-13.275,-50.1628,92.88,20,16,7.38,few clouds
609,Vestmanna,FO,62.1564,-7.1664,49.12,100,100,9.22,overcast clouds
610,Taoudenni,ML,22.6783,-3.9836,107.01,17,41,8.1,scattered clouds
611,Severomuysk,RU,56.1481,113.4267,52.81,86,100,2.62,overcast clouds
612,Halifax,CA,44.6453,-63.5724,85.51,72,100,8.05,overcast clouds
613,Ladario,BR,-19.0047,-57.6017,89.89,31,0,12.66,clear sky
614,Bairiki,KI,1.3292,172.9752,80.6,89,75,0.0,light rain
615,Wilmington,US,34.2257,-77.9447,89.01,74,5,5.99,clear sky
616,Berlevag,NO,70.8578,29.0864,66.0,92,100,9.37,light rain
617,Chicama,PE,-7.8447,-79.1469,59.54,61,69,9.28,broken clouds
618,Diamantino,BR,-14.4086,-56.4461,94.78,21,7,8.81,clear sky
619,Talara,PE,-4.5772,-81.2719,68.76,73,0,20.71,clear sky
620,Matay,EG,28.419,30.7792,93.43,18,1,12.8,clear sky
621,Daru,PG,-9.0763,143.2092,76.03,92,72,10.58,broken clouds
622,Ngorongoro,TZ,-3.2397,35.4875,52.09,64,31,7.74,scattered clouds
623,Xam Nua,LA,20.4197,104.0439,67.73,99,94,1.68,overcast clouds
624,Necochea,AR,-38.5473,-58.7368,51.64,39,77,10.87,broken clouds
625,Buba,GW,11.5833,-15.0,78.71,88,100,9.06,moderate rain
626,Kouroussa,GN,10.65,-9.8833,78.76,80,81,6.35,light rain
627,Gemena,CD,3.25,19.7667,72.79,96,81,0.34,broken clouds
628,Sasina,BA,44.7987,16.739,93.18,36,1,0.96,clear sky
629,Maragogi,BR,-9.0122,-35.2225,77.81,78,78,12.28,broken clouds
630,Buritizeiro,BR,-17.3511,-44.9622,84.83,26,0,7.27,clear sky
631,Chabahar,IR,25.2919,60.643,83.82,78,68,8.48,broken clouds
632,Christchurch,NZ,-43.5333,172.6333,41.32,75,75,6.91,broken clouds
633,Neijiang,CN,29.5835,105.0622,76.28,95,96,7.81,overcast clouds
634,Hobyo,SO,5.3505,48.5268,76.41,81,81,26.62,broken clouds
635,Ngunguru,NZ,-35.6167,174.5,51.67,83,26,11.52,scattered clouds
636,Enshi,CN,30.3,109.4833,73.98,97,96,0.6,overcast clouds
637,Simao,CN,22.7886,100.9748,65.93,97,99,2.01,overcast clouds
638,Gubkinskiy,RU,64.434,76.5026,48.25,79,75,9.66,broken clouds
639,Santa Cecilia,BR,-26.9608,-50.4269,71.31,52,31,3.44,scattered clouds
640,Phalodi,IN,27.1333,72.3667,89.74,60,86,18.5,overcast clouds
641,Tukrah,LY,32.5341,20.5791,79.57,60,0,14.12,clear sky
642,Soe,ID,-9.8607,124.284,61.92,94,41,3.62,scattered clouds
643,Fairbanks,US,64.8378,-147.7164,57.31,73,100,3.4,overcast clouds
644,Arcachon,FR,44.5875,-1.0519,90.41,45,0,12.66,clear sky
645,Liepaja,LV,56.5419,21.0367,76.98,61,0,5.75,clear sky
646,Berbera,SO,10.4396,45.0143,94.28,36,24,24.83,few clouds
647,Batagay-Alyta,RU,67.8006,130.4114,45.79,86,99,1.66,overcast clouds
648,Sola,VU,-13.8833,167.55,80.6,79,11,18.9,few clouds
649,Moose Factory,CA,51.2585,-80.6094,60.8,94,100,13.8,mist
650,Badarganj,BD,25.674,89.0549,81.95,87,100,6.24,overcast clouds
651,Nigel,ZA,-26.4314,28.4771,55.38,46,87,2.89,overcast clouds
652,Lima,PE,-12.0432,-77.0282,67.89,71,100,9.22,overcast clouds
653,Sonoita,MX,31.85,-112.8333,94.95,27,85,5.26,overcast clouds
654,Aljezur,PT,37.3191,-8.8033,75.85,64,74,12.46,broken clouds
655,Buchanan,LR,5.8808,-10.0467,77.83,71,97,10.47,overcast clouds
656,Lamu,KE,-2.2717,40.902,75.06,82,5,19.01,clear sky
657,Nadym,RU,65.5333,72.5167,48.81,67,100,7.34,overcast clouds
658,Abu Samrah,SY,35.3029,37.1841,84.47,31,0,15.08,clear sky
659,Kalemie,CD,-5.9475,29.1947,73.45,59,7,5.41,clear sky
660,Yaan,NG,7.3833,8.5667,76.84,79,85,6.15,overcast clouds
661,Kysyl-Syr,RU,63.8986,122.7617,60.85,98,100,7.58,overcast clouds
662,Camabatela,AO,-8.1881,15.375,75.97,34,89,1.9,overcast clouds
663,Zhadovka,RU,53.5746,46.9498,59.58,93,100,9.71,light rain
664,Tazovskiy,RU,67.4667,78.7,44.04,86,100,3.85,overcast clouds
665,Edendale,ZA,-29.6528,30.3147,57.87,88,59,2.48,broken clouds
666,Moberly,US,39.4184,-92.4382,87.78,51,0,7.0,clear sky
667,Peterborough,GB,52.5736,-0.2478,70.9,53,87,8.32,overcast clouds
668,Sitrah,BH,26.1547,50.6206,100.62,72,47,14.97,scattered clouds
669,Kiambu,KE,-1.1667,36.8333,65.79,53,75,5.75,broken clouds
670,Ibra,OM,22.6906,58.5334,90.09,55,100,6.17,light rain
671,Nome,US,64.5011,-165.4064,46.17,97,100,3.24,overcast clouds
672,Aguascalientes,MX,21.8833,-102.3,83.17,18,5,5.55,clear sky
673,Mehriz,IR,31.5917,54.4318,91.9,14,0,4.45,clear sky
674,Derzhavinsk,KZ,51.1,66.3167,68.68,48,9,11.23,clear sky
675,Omboue,GA,-1.5746,9.2618,74.8,80,66,10.2,broken clouds
676,Muroto,JP,33.2833,134.15,79.83,89,9,10.38,clear sky
677,Leua,SK,48.2156,18.6071,95.5,18,11,4.43,few clouds
678,Monroe,US,43.1501,-77.6831,84.58,67,45,7.0,scattered clouds
679,Kangalassy,RU,62.3464,129.9628,64.33,77,44,2.64,scattered clouds
680,Eureka,US,40.8021,-124.1637,58.19,87,73,1.01,broken clouds
681,Okhotsk,RU,59.3833,143.3,53.04,93,88,2.17,overcast clouds
682,Banda Aceh,ID,5.5577,95.3222,81.18,75,100,7.16,overcast clouds
683,Kudahuvadhoo,MV,2.6708,72.8944,81.66,70,100,9.8,overcast clouds
684,The Valley,AI,18.217,-63.0578,86.83,74,40,19.57,scattered clouds
685,Lompoc,US,34.6391,-120.4579,74.84,88,100,5.75,overcast clouds
686,Ingham,US,42.6,-84.3833,86.92,51,0,12.66,clear sky
687,Pasighat,IN,28.0667,95.3333,77.99,92,100,2.55,overcast clouds
688,Zharkent,KZ,44.1628,80.0,78.96,21,0,5.91,clear sky
689,Santa Maria Del Oro,MX,25.9333,-105.3667,87.75,25,9,0.72,clear sky
690,Mandalgovi,MN,45.7625,106.2708,59.31,60,100,8.9,light rain
691,Stepnyak,KZ,52.8339,70.7803,60.93,72,30,8.1,scattered clouds
692,Francistown,BW,-21.17,27.5079,60.64,68,96,6.04,light rain
693,Santiago Del Estero,AR,-27.7951,-64.2615,78.82,44,25,15.14,scattered clouds
694,Mackenzie,CA,55.2999,-123.1698,64.62,45,40,5.75,scattered clouds
695,La Ronge,CA,55.1001,-105.2842,62.82,63,75,23.02,broken clouds
696,Kailua,US,21.4022,-157.7394,76.14,87,100,11.5,light rain
697,Fort Nelson,CA,58.8053,-122.7002,59.94,58,100,9.95,overcast clouds
698,Khorramshahr,IR,30.4397,48.1664,102.15,42,0,12.77,clear sky
699,Vaitape,PF,-16.5167,-151.75,77.18,73,19,12.44,few clouds
700,Tura,IN,25.5198,90.2201,75.78,95,100,3.83,light rain
701,Ola,RU,59.5833,151.2833,57.16,88,91,0.74,overcast clouds
702,Serebryansk,KZ,49.6925,83.2892,58.44,91,100,6.35,overcast clouds
703,Uusikaupunki,FI,60.8004,21.4084,68.7,75,46,12.24,scattered clouds
704,Montana,BG,43.4125,23.225,95.18,18,0,9.24,clear sky
705,Sorland,NO,67.667,12.6934,53.46,91,100,20.11,overcast clouds
706,Brae,GB,60.3964,-1.353,54.19,77,22,11.86,few clouds
707,Thenzawl,IN,23.3167,92.75,70.72,99,100,0.67,overcast clouds
708,San Quintin,MX,30.4833,-115.95,73.81,70,87,10.49,overcast clouds
709,Toyooka,JP,35.5333,134.8333,74.57,96,35,3.87,scattered clouds
710,Penha,BR,-26.7694,-48.6458,70.48,74,46,7.09,scattered clouds
711,Ust-Barguzin,RU,53.45,108.9833,55.44,75,100,4.29,overcast clouds
712,Igrim,RU,63.1906,64.4162,62.65,51,80,6.67,broken clouds
713,Ust-Ilimsk,RU,58.0006,102.6619,57.74,73,61,1.74,broken clouds
714,Douentza,ML,14.9951,-2.9517,94.84,35,29,7.87,scattered clouds
715,Tubmanburg,LR,6.8708,-10.8172,79.56,69,95,6.62,overcast clouds
716,Svetlyy,RU,54.675,20.1347,82.45,53,4,5.97,clear sky
